GISJOIN,total,white,black,amin,asian,nhpi,other,tworaces,nohisp,hisp,over25,highschool,ged,collegelt1,collegegt1,assocdeg,bachdeg,mastersdeg,profdeg,doctoraldeg,povlthalf,povbtnhalfone,povover2,over16,inlabforce,notinlabforce
G01001,706503,474235,195105,7457,10168,143,7299,12096,683855,22648,482421,133726,25477,28034,74655,40453,77118,29727,6782,3598,55067,64852,432936,47952,562813,247035
G01002,680575,435962,213030,2785,7746,131,6811,14110,656410,24165,461250,119753,27988,28025,70919,39230,64504,29190,6108,3860,53858,69340,400272,46817,543693,233064
G01003,706705,491801,180187,2224,12963,186,6076,13268,684817,21888,472759,120716,28278,31780,76687,40059,61027,29650,6497,5329,57814,67027,412740,46576,568954,244948
G01004,683391,597543,48087,5563,3797,822,14669,12910,639036,44355,471629,129491,32062,32102,68932,40880,49765,22744,5153,3417,49288,72371,396993,43458,545394,250322
G01005,714145,542649,124871,4600,11849,534,10947,18695,677764,36381,490800,105508,26949,28609,74190,39310,98811,44794,6204,6474,41779,58606,471505,55043,575456,230274
G01006,703715,552289,108604,1635,12246,143,16269,12529,669725,33990,482235,103667,19358,27878,72924,37825,107900,43425,14625,8124,29718,42649,510922,65464,557489,209507
G01007,669646,222974,423302,1312,5840,223,7984,8011,649927,19719,438864,125915,21284,23106,75814,35736,56318,22312,5060,4079,73435,93596,323915,36447,540897,242382
G02000,738516,478834,24129,106660,46556,8849,11027,62461,687330,51186,477727,107913,25938,35716,93703,40052,88053,36794,9506,5292,35602,42263,537745,76715,571528,175175
G04001,753580,491777,17359,175069,12628,1427,28051,27269,583124,170456,491840,108546,23361,34055,94456,42488,71325,36387,6886,6266,75121,70032,423119,52705,592954,285535
G04002,719924,585124,28453,10885,22597,1716,38885,32264,515278,204646,502450,87636,18581,37972,93102,48915,98460,49529,12201,10826,44550,61052,457250,52267,590333,252355
G04003,771436,536221,37246,35492,14455,1337,116298,30387,290438,480998,458653,101359,24485,33113,80288,35375,49457,18586,3501,2543,69721,94050,382072,46643,585682,230482
G04004,768077,679435,14332,13912,10152,1360,28365,20521,620430,147647,565335,138256,29642,56865,109036,51208,68981,29295,6128,4387,48126,53542,474708,50135,637328,338286
G04005,803186,678699,26244,8985,37883,1722,23242,26411,656594,146592,532665,99106,15784,44422,95286,50020,123261,51135,9829,7111,34033,36521,624270,74185,617183,225249
G04006,776729,657668,21177,12785,39008,812,21832,23447,643882,132847,562540,86570,14569,36199,89305,45494,153469,65029,19626,9669,42927,43053,576191,70776,637711,228508
G04007,801173,508453,78929,23754,20461,1561,136003,32012,287899,513274,462196,106953,23089,28306,64087,29795,44033,16427,3481,2348,98845,126512,337845,41714,582280,211336
G04008,777804,648747,36422,6227,30385,1356,27669,26998,623799,154005,545799,116835,20165,48377,104897,52199,103228,43977,8167,5093,32435,34535,581435,65813,624470,263765
G04009,774776,578017,45097,22471,41318,2821,51478,33574,561929,212847,512454,82594,15020,32727,89668,42653,122906,52246,13204,9074,63567,63570,496507,56869,630885,188784
G05001,722915,563593,126575,2940,3670,465,7712,17960,698763,24152,493187,148810,39759,35559,74614,35915,52705,21270,4139,2861,55264,80945,385809,40980,574357,262237
G05002,760604,543346,171470,2365,12214,416,11173,19620,721120,39484,507355,127896,24452,30963,84606,37041,93065,38272,10616,8274,51223,65642,474804,50929,601928,232299
G05003,795817,666306,24606,9220,23537,6751,40505,24892,682474,113343,513369,127647,27631,34677,79087,32154,90068,34900,9051,5898,46850,71314,485547,50554,619154,235721
G05004,711335,529629,138319,5512,4567,337,19591,13380,669262,42073,485396,153455,31573,34861,76997,33960,52882,20913,3773,2934,57127,81972,383353,40937,568669,261492
G06001,706822,608107,10903,13696,19612,1178,20121,33205,611208,95614,496590,101386,20133,45840,105643,53177,79222,27956,9893,4020,52679,65187,427533,51104,582872,275382
G06002,717732,573751,10394,15221,27801,1712,51635,37218,592601,125131,516856,80476,12537,32745,86105,41594,128922,54196,21192,10413,39044,47457,505897,72596,590940,227114
G06003,736039,491570,44567,7114,83883,4349,58576,45980,516856,219183,473270,95166,15590,36094,87444,43930,73816,28462,9386,8318,52591,54798,476644,64891,582443,235416
G06004,734899,625247,9797,6673,38328,1690,20619,32545,635351,99548,528068,97942,13922,43767,101611,58561,116171,39889,13485,6302,30897,35817,564572,75935,600439,257808
G06005,728000,460110,47098,6352,81206,3157,87002,43075,523055,204945,510708,89876,14268,39113,89899,51280,107458,35447,12363,6792,35336,40442,529049,75524,594361,210192
G06006,751475,387169,95245,5362,118152,10941,79979,54627,539607,211868,492979,101045,14584,31099,84391,44154,91485,32479,11427,5088,65274,83036,430047,54819,584064,217386
G06007,747097,474173,54742,4930,118242,6236,34029,54745,615578,131519,510631,91473,12631,39154,94156,53573,113369,38858,12034,6408,37606,50055,539696,74541,592803,221929
G06008,721709,550496,58880,10135,23300,2388,44078,32432,429480,292229,450797,115487,15752,40584,83721,42343,47054,22369,3727,2754,62152,78604,407028,52244,543550,234576
G06009,758327,414553,68896,5197,111486,4571,77587,76037,467209,291118,478173,110690,16206,37788,78131,46686,65771,21125,6342,3260,48510,67619,483736,64283,576187,226402
G06010,744389,545280,24313,5494,51990,5289,72556,39467,420416,323973,469558,118169,17729,37745,81132,38113,57245,17075,5683,2590,43581,62048,469737,62837,565891,217355
G06011,754654,448466,60544,3312,106916,3441,83098,48877,551311,203343,525632,76658,11094,29085,75812,39860,143029,58933,18311,11572,33471,41357,567931,88762,605561,215484
G06012,756773,371215,39483,2482,243934,2677,55547,41435,645286,111487,607566,62434,8823,19369,61666,30381,213120,96089,30896,17525,37996,43919,579662,105548,666298,190830
G06013,754861,319994,127058,5910,158012,4700,85775,53412,589559,165302,534544,68083,8510,21375,70038,31574,142767,73385,22762,18869,55320,59072,505868,75420,627649,207890
G06014,753548,336754,22305,2647,255314,10542,83056,42930,574609,178939,542106,75907,9169,25707,71369,39716,156945,65787,18756,15633,28182,26891,607039,107681,621320,194221
G06015,773841,346999,45747,4149,260623,8107,62750,45466,598810,175031,535295,94732,8430,25809,75195,38904,145455,68797,11066,12995,24437,26220,643997,109911,610855,201232
G06016,728535,421633,41723,7954,66920,1115,161222,27968,285903,442632,425867,90929,15753,28227,68235,30305,37092,11218,3308,1939,89362,107400,322018,43327,530971,222186
G06017,771459,230346,19161,2876,417639,3340,62906,35191,645757,125702,546442,73220,6747,18768,54501,35282,159379,119585,11501,20838,26777,22295,648747,125675,623306,202348
G06018,740932,468944,15066,2581,174009,2034,40829,37469,620881,120051,520427,49955,7144,17422,56349,30883,157725,112010,26173,30637,25974,23014,617928,129821,594395,201306
G06019,759866,334370,21695,5352,215287,3848,137877,41437,455022,304844,507857,83745,11514,25519,70017,39989,116412,48602,9260,8046,32834,38615,567014,98314,602638,193075
G06020,735667,484876,14101,4980,38026,2376,159128,32180,345623,390044,466389,77223,14388,24155,68170,39482,77953,33949,10296,7440,39669,60585,456241,69872,575442,216587
G06021,712857,510546,27500,8029,22457,1523,122871,19931,179983,532874,411751,93932,15811,20232,56581,23803,24576,6956,2044,771,72567,117625,278087,42155,516769,221729
G06022,755464,543070,23870,7425,61380,1365,86497,31857,394056,361408,463390,91681,13150,31060,82292,43731,75457,26019,9642,4378,60133,79251,450064,59240,563173,213932
G06023,740768,548234,49514,8423,39892,1340,61777,31588,450392,290376,467365,110231,17887,35522,85033,40964,62033,24191,5894,3291,63515,71779,438842,59119,560667,237999
G06024,734027,593685,13977,6528,34260,1119,53846,30612,468520,265507,468000,75069,12348,30190,79047,41572,96436,40880,12374,10451,50024,49404,473324,71225,599856,229724
G06025,718950,457846,55671,5380,61787,1137,97250,39879,435704,283246,461029,93300,11637,31065,84898,44451,84744,30985,7374,4130,47967,45772,500001,79198,552660,208692
G06026,725953,582693,13504,6165,49870,1572,40480,31669,398491,327462,481852,80259,8039,29728,79604,42872,99268,41353,11738,7870,27461,44014,519701,82350,572477,198544
G06027,717944,279012,32088,3029,277475,1729,97442,27169,515556,202388,520252,91083,6321,20367,67598,40261,131735,57293,17173,13554,38802,46067,501541,75672,595342,229122
G06028,715011,480579,20111,3115,96355,980,83850,30021,535371,179640,550317,88285,6936,21082,77167,42277,164952,55531,18910,9911,37991,62869,488260,66387,616827,197612
G06029,721304,405213,26845,4023,54972,972,211105,18174,227301,494003,473404,110195,9417,21831,63703,31666,71238,16651,4084,2171,49752,84263,392867,53324,570341,192428
G06030,764572,498259,37767,3465,99122,1169,91324,33466,547547,217025,546809,85970,7525,24045,87837,41316,155235,54494,19694,8914,36766,43953,563492,79836,632429,203560
G06031,744628,456107,77896,5109,57652,2354,108387,37123,348312,396316,463306,101541,13973,33233,75766,38099,68770,28068,8138,4577,58759,69114,441406,61219,569741,216538
G06032,719643,333267,20303,6644,133599,2361,191494,31975,273012,446631,478928,114288,11010,25177,72890,36335,72104,21949,4943,3009,34169,55256,463621,67871,576560,210999
G06033,713727,519452,22244,2115,103517,1328,25025,40046,620538,93189,516275,44951,4682,18918,61660,30398,190179,85446,39623,18951,35400,23385,578620,108188,597031,206142
G06034,729285,290163,34539,8193,143286,1725,229435,21944,269146,460139,502471,93618,8562,16268,59706,25871,95122,25771,7777,4049,64411,110804,336336,42959,595247,204914
G06035,741990,339699,46782,7776,53443,1898,258785,33607,217950,524040,455906,107396,13736,28037,72359,30170,53228,14928,2837,1395,44744,71350,426845,61852,569905,209331
G06036,743337,510765,33148,8512,26588,1066,137670,25588,380504,362833,515110,129813,16060,37295,87552,37709,65966,27585,8980,4709,60652,78222,417357,48534,594051,276077
G06037,724002,312141,163217,6282,76517,949,136371,28525,443743,280259,504015,80422,6973,18813,75972,28925,116092,50273,17435,10668,62539,73700,433750,57795,601732,205428
G06038,716869,322548,27345,4853,112537,2259,221115,26212,271764,445105,479299,116306,10447,26789,79272,38932,77267,25883,5471,2925,30150,46955,490860,69596,572221,220597
G06039,727834,374814,17257,3791,226697,1804,73624,29847,479581,248253,497714,82898,7879,26828,76155,43088,138245,47933,12154,8116,31053,36421,554705,87752,587570,209690
G06040,711793,393496,33921,4887,17225,1514,247665,13085,87378,624415,427100,96629,7773,15346,52877,19951,31107,9168,1693,798,60712,105648,330231,46484,530949,190666
G06041,754152,371025,70520,5166,44153,1986,232329,28973,299853,454299,451938,113941,13247,28901,74992,33134,49196,20739,4303,4481,47401,73780,447273,63921,575448,211516
G06042,795401,506468,45765,4972,73122,3167,116885,45022,484489,310912,506499,112975,13682,42608,94069,46200,84881,33323,6713,4217,35708,43710,590388,82030,605017,225691
G06043,727621,262562,164629,4614,94162,3535,163536,34583,385192,342429,481801,98060,9654,23924,81822,34915,88037,28810,6370,4109,51239,75699,433061,57130,571895,198375
G06044,723072,321309,111573,6292,40788,5067,215211,22832,211836,511236,441536,103418,10084,20929,65649,27181,41230,12399,1885,1114,55542,91705,373200,52173,545119,202556
G06045,772341,481917,14168,2431,189224,1269,45370,37962,626789,145552,529751,58273,6739,25653,71578,43689,176428,77366,21770,14408,42458,26674,623027,102575,624723,216901
G06046,728906,417774,13422,4045,95533,2111,178053,17968,246806,482100,458923,97019,11171,23634,65421,27548,65262,15472,3923,2283,45272,77240,408016,63750,563860,186355
G06047,714812,386919,52271,5602,162881,4044,71198,31897,465308,249504,487612,83649,9253,26261,85022,39082,102463,37987,9687,5822,48318,60236,464191,67451,577533,203661
G06048,726516,483437,9278,3215,134261,2509,61843,31973,569744,156772,525981,70233,8884,29306,83113,42124,150583,58821,18781,9314,30885,40264,555877,91464,601137,208187
G06049,737614,585555,18797,3097,52157,2668,42320,33020,544255,193359,492708,70381,7710,27455,77578,42840,135226,55677,17733,12072,32185,30089,553594,87919,586189,197902
G06050,747793,576653,20879,9095,41479,3321,55093,41273,506005,241788,498256,101203,14222,35295,94974,44790,93948,35363,8405,5166,39592,46636,523835,74605,588112,212973
G06051,729654,472178,49913,5563,59855,2848,110742,28555,214847,514807,455048,98651,16573,26894,77578,31683,48561,13324,3058,1712,56708,93883,363211,47569,562936,222968
G06052,765158,519928,23897,2799,151916,2904,21580,42134,653722,111436,536139,54173,6453,22758,72825,40660,176966,86453,26436,23422,39601,28131,598963,94302,632672,206529
G06053,769137,497701,63546,3423,105497,4082,46867,48021,509366,259771,528645,82453,11466,33343,97823,45289,128856,49334,12989,8231,47107,47536,545655,73421,627021,204847
G08001,818722,642967,66959,7287,29114,1122,43233,28040,592877,225845,585925,81450,20020,25842,77296,33773,171916,73342,22840,10771,50449,53832,567989,65874,667745,189820
G08002,796438,721196,7609,4253,25805,750,13116,23709,711597,84841,536718,69703,13365,27874,71465,40955,172355,84409,17211,19939,44256,37605,596542,78311,659908,204484
G08003,739107,655512,7194,17651,5954,821,34178,17797,557104,182003,512442,112393,23978,35969,88057,44314,105036,37576,9653,5825,44621,60852,476743,53778,596120,223983
G08004,799390,720475,11178,5755,16862,645,20854,23621,623556,175834,526004,101099,23979,37542,84297,49105,121111,47148,8435,6029,32740,39367,593885,74481,617792,200158
G08005,786912,638504,45798,5450,20076,2732,31257,43095,661183,125729,518524,90500,24124,38327,88014,56669,113724,57926,9041,6807,35256,47868,544221,63890,621743,216406
G08006,805844,590096,75238,5738,49190,1749,49288,34545,643701,162143,534780,92707,16408,30983,79322,46161,145966,61098,12128,7389,28352,38066,622042,80264,622545,176844
G08007,784728,686834,13962,8349,25694,477,22891,26521,556329,228399,534199,109170,24535,36267,82082,43237,114362,48287,8185,6383,33454,43786,573161,69173,623295,185141
G09001,713076,497434,108137,2110,37156,165,43939,24135,593812,119264,497753,117916,17092,25630,58615,41971,105070,58396,14049,6723,33946,42770,529523,72552,582565,194762
G09002,705024,605585,28917,2692,23438,117,18067,26208,646088,58936,488407,122140,19567,31603,61811,43781,97776,56097,10646,8007,26493,29650,529369,76947,586526,196986
G09003,715728,522893,100033,1202,31371,235,37322,22672,604658,111070,496234,135583,15923,25633,58659,36883,95072,57442,15423,11727,37153,40675,518385,69186,592434,198865
G09004,735915,537415,89604,1917,40392,294,44794,21499,592558,143357,497179,91261,9822,19294,51263,29124,135643,81271,21276,8554,30830,34408,568001,95749,584174,190534
G09005,711761,571553,51571,1777,26460,362,41122,18916,582597,129164,499135,124258,16957,27462,56297,39110,105363,56545,12986,7161,33913,38611,533351,72591,578892,198601
G090ZZ,0,0,0,0,0,0,0,0,0,0,0,0,0,0,0,0,0,0,0,0,0,0,0,,0,0
G10000,949495,654905,209892,3455,36723,477,18034,26009,863180,86315,659979,187042,21515,39834,85352,51522,120794,62275,12399,11764,50291,59507,676954,65627,769793,287170
G11098,684498,280469,321317,1993,26718,340,33518,20143,609722,74776,486981,70723,12849,16914,45704,14637,118817,100571,40220,20741,59892,49605,460759,82604,573275,171535
G12001,759701,583243,101668,3962,19810,1296,15091,34631,710847,48854,520956,114767,24788,38547,85338,64634,94410,37715,7697,5240,39832,51487,501297,55779,614438,243116
G12002,719213,585563,92588,3093,12373,822,6574,18200,672613,46600,508358,130827,37507,38731,72721,44021,73035,30455,8837,7077,46562,59991,425262,48717,593011,279717
G12003,728979,552214,117229,1751,25080,365,7994,24346,659179,69800,484098,121840,28053,32923,67152,48260,76610,34209,10619,9640,64157,63093,431949,49527,596078,259189
G12004,780575,636335,72063,1899,35627,265,10554,23832,716710,63865,551001,109628,19352,39391,74149,53908,140182,55740,14961,7143,31534,38168,588959,70059,634778,219025
G12005,729038,330627,345260,2195,19753,681,10661,19861,669682,59356,465888,125382,27731,34836,71233,44152,63119,22745,4230,3952,82807,81493,368575,41255,579360,229853
G12006,753500,625859,79139,2801,13490,210,17156,14845,660396,93104,558943,152622,28005,47254,83666,59503,85819,33607,7985,5490,48470,57865,478141,48810,635014,304620
G12007,757809,583054,82514,1475,34637,409,30884,24836,568705,189104,516515,94026,18005,27537,71570,68178,132512,48771,13078,7110,46272,56063,503883,60137,625815,222597
G12008,742230,619307,72452,2450,16408,550,10025,21038,663404,78826,553073,133234,26575,41193,79842,62808,99038,46361,8680,6545,37007,55206,497947,53969,623623,291647
G12009,837026,622071,110828,2437,24447,416,46595,30232,496084,340942,564270,146782,26094,34572,87715,56983,88524,33122,7219,4437,56764,75422,492151,51094,661879,265451
G12010,808969,456094,227480,2040,41904,906,54670,25875,585328,223641,541227,120220,20225,30602,75375,58955,113611,38564,10092,4667,51286,79004,484392,52843,635325,202517
G12011,754649,661728,54753,2675,9575,169,9294,16455,675816,78833,593195,177883,35737,50938,84925,54776,77768,34297,6328,3678,43552,56757,474864,46297,649631,384177
G12012,757719,668709,37197,2493,19963,510,9866,18981,662121,95598,560434,146729,25614,40900,80360,59396,101696,39627,7830,5233,39613,49530,512407,52568,631219,288954
G12013,723658,571708,90403,2088,25673,785,10535,22466,652137,71521,550581,132875,25877,41950,79773,53829,105964,39099,12270,6112,50484,51493,469294,50319,615625,253749
G12014,763832,529639,139995,2748,34732,381,27732,28605,533715,230117,520121,117151,19295,25802,65528,46392,116367,47100,14792,7943,58267,70804,473810,53306,618138,208544
G12015,777638,578281,115866,2514,23298,606,33073,24000,603581,174057,530275,141503,26264,36157,76934,51017,90191,33024,6258,4381,50229,61611,488326,54333,618538,239045
G12016,804662,676629,66711,1974,17169,563,24425,17191,663943,140719,595087,144436,23821,41055,81373,53210,115315,54400,13279,8926,39229,53161,561162,59440,666538,300690
G12017,756549,654669,56342,2427,10170,427,17986,14528,641892,114657,577630,178374,30191,43243,77999,48524,79011,32785,7749,4790,44121,61519,471302,48734,643095,348562
G12018,757228,607915,97915,2366,17057,531,15510,15934,635358,121870,564590,130950,23771,39359,79876,56285,111399,44177,13664,6198,37461,49173,527897,58721,633754,276221
G12019,797066,685044,63282,1387,12731,418,21578,12626,635566,161500,608883,150835,20499,39086,80777,53022,121297,51266,17123,8502,45803,54700,537773,57611,677243,329950
G12020,778060,298590,416212,1392,22121,300,17817,21628,587042,191018,516162,144225,20544,30313,72390,47879,70479,27917,5536,4422,60581,88841,417761,46252,610605,213995
G12021,762765,585029,120670,1632,20271,368,19473,15322,581481,181284,563222,123990,14615,32216,77847,49650,122595,49906,16447,8063,38532,53673,515427,58430,636528,264295
G12022,750149,569112,112522,1696,24053,310,20321,22135,588087,162062,557315,121262,16247,29149,76159,48865,135497,52799,21197,8073,38991,44557,528786,62550,627438,225829
G12023,756127,558493,108235,2363,31626,705,30302,24403,468789,287338,536587,108456,15349,31606,72857,55661,128160,55041,20192,7788,41816,40758,547182,64827,615966,217056
G12024,750906,319550,370739,1321,9938,275,35178,13905,457182,293724,512110,144965,17366,21688,69322,45548,68462,23813,7779,3114,72705,97823,366111,39943,602776,227030
G12025,763720,685315,36042,1803,8437,97,22759,9267,186419,577301,548250,148253,15971,24766,55567,50951,88142,30207,10639,4386,46771,86583,434562,49970,629262,246852
G12026,774375,630858,89443,1967,14064,285,24212,13546,228570,545805,528828,132863,16749,26855,65646,53935,96730,28401,9476,5223,46947,76179,462459,56696,624217,230897
G12027,751996,653462,38828,1169,14761,237,29887,13652,208772,543224,559128,122869,10486,20353,56357,48288,125702,56696,26313,11575,39758,69346,479779,55451,632415,226932
G13001,731698,460511,217006,2732,13498,1037,14548,22366,682238,49460,482422,117268,27654,33459,81879,40120,75659,33455,8490,5459,55292,65535,436747,51484,575866,220048
G13002,675246,287040,349622,1481,8135,711,12736,15521,640923,34323,440762,120057,28523,27113,73240,34389,47714,21597,5436,3706,77699,88868,323136,38051,531908,236137
G13003,728046,504469,176940,2377,14697,486,10412,18665,686766,41280,482014,119766,27911,31473,76420,36904,81482,32271,8354,5437,47534,55113,480082,57657,572990,223309
G13004,748744,214388,449004,2087,38192,676,25856,18541,677698,71046,489546,109518,16600,25472,82337,42943,93972,41333,8320,8506,50478,75837,460446,54824,578412,190134
G13005,759756,244388,444838,2180,31834,288,16854,19374,710989,48767,506031,100447,16566,19829,71801,28713,119206,60679,20334,10222,71627,79136,420999,51005,617438,209536
G13006,744905,513884,100129,6759,86322,217,16196,21398,649245,95660,511610,58973,6451,16224,55695,29444,191745,90333,19217,11226,27202,31755,598532,90875,583350,169633
G13007,793740,444541,159394,2964,108584,232,55557,22468,640438,153302,508246,91972,13373,23799,68649,44316,137325,55767,9846,6833,32980,44058,573068,74060,601993,186081
G13008,704814,446448,218319,1877,10266,184,13040,14680,659873,44941,465200,130407,26946,26893,68497,39916,58002,29379,7858,4434,69932,75459,391302,45339,555299,237839
G13009,735832,642151,49097,2306,9008,454,18321,14495,640990,94842,501207,126522,31611,33555,68632,37273,70209,30197,9222,4535,42454,62866,460322,53505,587475,246273
G13010,740458,506372,188872,925,15442,384,12204,16259,698835,41623,476321,129481,27314,28441,66369,35690,72176,33325,9472,8660,58972,60886,461857,54034,587766,240099
G13011,756192,556906,126469,2522,26307,511,24199,19278,672652,83540,503585,89518,17329,28489,77619,35463,135831,51442,13777,7033,33207,40307,554617,73492,597063,186363
G13012,718746,421482,251632,1793,12655,651,14994,15539,675056,43690,466360,127303,28915,26809,70906,38555,59203,25141,8453,5548,71752,72760,388690,44547,566156,242353
G13013,749389,233635,444434,746,19867,91,31503,19113,664926,84463,481930,121382,18081,27331,81671,39510,87305,39307,7463,4990,47541,62636,479271,57839,570521,186516
G13014,709918,603761,63544,2735,7694,173,17260,14751,628392,81526,471313,123670,36574,30356,71283,34908,53118,20640,6545,2927,40736,65092,427334,50353,555983,216767
G15001,710707,127407,14910,810,353472,55881,6235,151992,648952,61755,504805,115277,10242,28066,71673,55926,117645,39901,13390,7850,27700,30769,550180,81842,582049,196586
G15002,711322,228205,11356,2177,183370,87393,9057,189764,625115,86207,483562,136003,12111,27676,80441,49260,94408,32220,9278,6304,38882,40165,515278,74621,565396,201332
G16001,869560,787631,4591,12664,11747,1494,26610,24823,775845,93715,575061,132329,35583,52921,102562,53387,99424,32145,7199,6091,45566,65138,562985,53779,675845,267215
G16002,818249,739631,6945,10126,12011,1267,26500,21769,702891,115358,514205,110312,23636,40987,90643,50946,99224,33555,8576,7055,47433,70745,504958,52323,622692,220892
G17001,708118,293374,360683,1369,13588,102,24753,14249,636014,72104,475842,112772,16371,30355,89748,40121,80030,40939,7580,6923,62390,63148,453022,52946,565651,214993
G17002,703782,257962,401384,1175,5330,59,25048,12824,606432,97350,464121,119500,17820,32372,94455,38748,64953,31701,4553,3690,68744,65699,413942,49393,556117,213483
G17003,717897,543349,34547,2324,31723,109,90331,15514,487558,230339,481999,129721,15707,29321,67846,37211,84558,37177,7461,4362,28941,46532,504244,66819,563979,200257
G17004,699621,406719,29049,3583,25629,243,215281,19117,212737,486884,451392,107403,15768,16833,53585,25789,73422,26797,5501,3070,45661,79310,388048,52265,540932,171501
G17005,740075,599430,21468,1836,54227,184,38127,24803,594739,145336,535676,82883,9991,21703,56817,28838,176409,80468,26071,9042,28888,35433,579038,82907,614637,164680
G17006,727847,601767,19551,1199,69822,128,17928,17452,653828,74019,499692,74601,8419,29745,61965,37499,157317,78347,16781,8833,18550,20251,621106,100088,578128,181059
G17007,724652,262626,341376,1228,54043,291,48422,16666,611393,113259,499780,95786,13429,20630,64965,26719,111226,61795,24811,11237,78489,78388,412188,56880,593184,210637
G17008,715095,473949,33258,3975,95826,878,86473,20736,510217,204878,485189,105751,12578,30872,67957,36830,108904,43644,6820,3656,27296,37326,523518,70952,564567,163698
G17009,723507,520117,65627,1511,93736,355,19209,22952,641096,82411,516203,76329,10755,21631,57855,29126,158061,83373,22670,12911,37769,44485,527134,72003,591781,210963
G17010,712819,521667,47534,1948,77288,458,45274,18650,550717,162102,471606,84817,14236,25568,56251,28225,121675,62500,18955,9357,27859,34388,531316,81290,561226,179469
G17011,722593,475032,81361,2220,56148,235,82682,24915,525396,197197,467513,92371,15968,30420,64841,36423,102865,48665,7361,5819,29250,39633,536310,75202,558717,167802
G17012,697270,545611,118002,1370,8494,128,6782,16883,673142,24128,479135,122384,27641,41273,77700,50610,64854,34295,5776,4378,53698,64619,432789,49322,559384,227814
G17013,704851,570139,80703,1263,27933,297,4747,19769,680311,24540,456162,117828,21371,35104,66351,39988,81595,39373,8148,9422,66344,55026,433338,51647,580462,224975
G17014,735045,640824,23775,942,32311,187,20966,16040,643429,91616,484174,98458,12051,35004,68740,41365,124757,57220,9081,6562,18794,23462,613902,93276,568937,171860
G17015,696632,645509,30325,1331,5092,327,3509,10539,676766,19866,481963,138554,28272,41961,70287,57432,62625,25776,3547,2698,40072,54116,451581,52661,558388,223681
G17016,695502,626037,26911,1418,10733,232,15534,14637,628907,66595,474316,135341,24653,43127,72657,46785,67062,30183,5772,3444,36389,44060,484562,60203,559610,202958
G17017,688356,562925,81226,1766,9438,161,13320,19520,625863,62493,469650,133759,27833,43483,72923,44920,59429,23351,4630,2415,54600,59977,413171,48304,550762,215332
G17018,707835,642148,27345,1406,19461,208,4120,13147,688110,19725,487930,127429,18985,39455,66008,45993,102091,42094,8624,6299,29975,36041,518877,64372,568212,209515
G170ZZ,0,0,0,0,0,0,0,0,0,0,0,0,0,0,0,0,0,0,0,0,0,0,0,,0,0
G18001,715348,498524,133966,1806,9419,287,49119,22227,604931,110417,484797,148479,22364,33604,73274,42726,73560,29248,6165,3231,50986,54989,478180,56590,569734,222780
G18002,722805,624080,49860,2640,9397,455,16694,19679,653648,69157,474765,141199,27960,34062,62707,36982,65141,28087,5804,4697,45884,53257,457285,52651,564102,206465
G18003,739773,649139,44350,1315,16055,204,9176,19534,694621,45152,482122,140038,23391,33751,66616,48214,73095,28627,5796,3341,36996,53210,490717,54265,570805,195362
G18004,750717,667234,29478,1803,23077,196,14602,14327,705744,44973,483852,140548,24354,31614,69935,42249,80438,34234,5553,6931,44006,47254,503067,57622,599123,216312
G18005,767053,646369,63300,1115,27096,226,7821,21126,733005,34048,518507,101145,16226,27533,66993,37484,147823,61217,16996,9440,29721,39742,581075,69954,601451,192367
G18006,718706,668730,19780,1344,10831,334,6383,11304,698955,19751,485478,159715,31085,33687,62350,42477,64555,30112,4098,3932,45992,53123,468041,52883,579133,222322
G18007,755358,451041,226137,2212,23656,451,27882,23979,670994,84364,485608,125694,27021,31157,69297,36505,76072,27718,6549,3709,75888,81771,403109,42628,579470,197788
G18008,719671,659764,30712,965,7486,575,5906,14263,702268,17403,488323,152505,26969,33787,67084,51357,65800,27220,5456,3678,40086,59425,457871,50952,576907,221351
G18009,747995,683396,21889,1725,17974,90,7065,15856,722993,25002,496363,139466,27772,33816,67575,44516,80624,38024,6475,6462,45181,50848,500308,55768,602793,220294
G19001,772171,701470,30479,3127,12891,1264,8199,14741,741212,30959,515281,149838,19749,37464,70804,60944,94344,31534,6755,5100,36807,45752,540587,58994,615844,198715
G19002,780050,698831,32324,1862,18830,447,9605,18151,735890,44160,517999,142795,23383,37920,70469,56060,91486,36232,10149,8340,46732,53831,518598,54964,621703,214908
G19003,822826,728156,34664,2340,26796,723,10174,19973,766536,56290,548926,129705,20250,40694,74682,58596,125527,39136,11333,4797,36166,46586,597527,64818,640378,189081
G19004,757452,699432,12444,4220,16566,695,11190,12905,705565,51887,499167,143099,19318,36718,72336,62823,84463,25849,5733,6239,40726,47034,504854,54944,606429,205311
G20001,708511,626842,22067,4281,11633,807,21941,20940,595773,112738,449982,109622,18946,42002,71334,43473,73584,27025,5308,5406,40620,51268,436311,50947,556216,186832
G20002,714992,622032,33297,9998,11985,341,8802,28537,667571,47421,467935,120693,22927,38653,74578,38799,82552,39227,7428,6459,42207,55734,462243,53367,569680,207433
G20003,762091,615125,64534,2278,35927,613,19096,24518,670772,91319,505414,79625,13006,31055,66931,37992,148884,65576,16384,7674,30175,35384,586856,74412,588417,173261
G20004,723182,596620,49903,7493,23986,382,17749,27049,634044,89138,471344,105895,22105,40593,76899,40752,89442,36914,6971,4242,41008,53884,475007,54768,558252,193334
G21001,720226,642776,49954,1730,4410,633,5492,15231,697700,22526,486970,148926,37210,34168,67473,41797,46821,25306,6241,2617,54935,76738,404045,42114,574422,256786
G21002,753608,671934,40066,2254,10957,1090,7532,19775,727776,25832,501560,141173,37945,36137,71041,46777,59469,31692,6540,3774,45561,69784,468637,50611,598171,232547
G21003,745082,531817,163397,1425,20663,376,7360,20044,705335,39747,513042,113518,26317,34138,81859,41283,95595,48077,12879,6921,48508,61685,487614,53348,597095,203365
G21004,753376,693760,25275,1007,8834,252,8463,15785,728140,25236,510901,129612,30625,36595,74809,41871,87670,40433,9618,4495,43482,50006,525763,61835,593057,215912
G21005,702070,677575,10116,1689,2895,200,1811,7784,693162,8908,485843,143598,40133,28331,60388,34224,33536,21355,5944,2393,85475,105176,319361,32884,565576,310476
G21006,765842,648814,65304,1783,15043,263,13428,21207,729347,36495,505688,111139,31595,30366,72930,38850,92846,44300,11923,9158,56576,74154,475245,52340,614471,221818
G22001,801089,627739,112314,9672,19039,264,13637,18424,729529,71560,547820,134652,27875,29794,88747,31904,108550,36831,14739,6856,47590,64819,541023,59050,635857,234089
G22002,789120,248491,488748,1873,19512,125,16520,13851,740045,49075,533195,144750,22610,25847,93416,28712,78049,30842,9983,5237,87352,102094,411819,39372,629205,250814
G22003,783013,551764,192726,2707,11995,27,7021,16773,752131,30882,517823,161493,29050,28055,74443,30699,76841,24226,5948,3302,58654,80226,468172,48996,609650,234050
G22004,753519,456977,257141,5952,7330,677,8626,16816,723421,30098,498950,153189,28184,31183,76612,37085,63967,24810,6153,3194,72452,90558,404279,41366,590618,259942
G22005,747722,460398,264561,2737,5351,189,4532,9954,729782,17940,494419,155816,35324,26664,70982,25832,58028,21373,4908,3410,76613,96539,371438,38462,590080,284266
G22006,789153,555737,187426,3331,16645,186,10083,15745,753788,35365,515734,139474,23351,27900,82529,32216,97735,35776,9701,7134,50819,50678,544942,62778,622570,217778
G23001,679024,639153,11757,2275,10436,131,1612,13660,666875,12149,494386,115591,20477,28336,65372,47120,117286,49932,12088,7640,27734,38448,499112,63935,565689,191074
G23002,653789,620064,6124,6027,4481,187,1358,15548,644517,9272,473511,145102,26843,31068,64833,49450,72886,28082,6193,5172,36746,58815,403993,48215,543668,219103
G24001,730442,600823,88648,1254,15882,269,6815,16751,701844,28598,508175,141338,18477,37101,65990,38090,94054,48368,9373,6729,31988,33548,554639,73980,593718,211765
G24002,762351,413872,264514,1862,40279,278,13734,27812,709409,52942,514918,125261,23450,34523,72630,36928,98714,50574,9130,7431,40988,42490,541598,69242,604260,197154
G24003,756296,478321,168149,1690,56037,478,24981,26640,686760,69536,525530,94648,13038,26971,61445,32818,133605,79763,23010,16296,31025,29222,592219,88161,611936,182531
G24004,749033,228358,393119,2050,22648,215,81488,21155,626289,122744,510974,115193,14836,31603,77531,33781,99821,56222,9066,7117,28520,34057,578938,82585,590385,162987
G24005,760819,374999,292305,2609,31750,290,28388,30478,693098,67721,509796,121330,15427,34712,78975,36089,101953,60448,9068,8167,25802,24680,614088,98488,610091,191354
G24006,765910,515831,103906,2061,83817,465,30029,29801,659282,106628,520036,107962,15327,30124,58317,38891,112818,71309,15705,19074,32039,37414,574328,79984,607315,200289
G24007,719951,255580,382287,2040,53700,642,6875,18827,692454,27497,496920,110349,18062,25838,67916,28188,101324,61005,15315,12608,56262,56740,476003,62550,584259,220638
G24008,758633,505397,95162,2078,70164,422,57505,27905,645387,113246,528509,78212,8937,23591,51904,28733,135352,94973,33894,28279,21150,27571,624441,103768,607246,180837
G25001,730959,620996,46878,1917,15599,172,26363,19034,600240,130719,504966,129588,19599,32228,61865,49467,88796,47221,8191,6332,44965,57901,484631,56757,599269,223139
G25002,747493,623500,39281,1727,41781,299,18348,22557,675061,72432,502798,119812,16409,26203,56687,44919,111981,58713,11004,12400,38785,42225,532007,68685,617738,213895
G25003,763936,592745,26791,2072,62696,215,57572,21845,616856,147080,518936,119417,17134,28348,57018,40970,109694,65297,10030,10693,37122,45622,566292,77597,612155,196203
G25004,754622,649174,23859,495,46541,204,15214,19135,717396,37226,515815,91354,12013,25292,49640,39765,134344,81812,24761,21640,23173,25499,619189,99343,607624,190863
G25005,766241,589531,41310,1152,89037,177,21219,23815,696556,69685,542815,94719,8683,19046,44854,28982,149495,107674,24034,29808,29850,28871,610084,94843,631771,191644
G25006,767907,653361,28111,1274,32270,202,33487,19202,695466,72441,542774,118845,12467,26223,59115,44851,142800,73960,13690,10641,25217,31854,618047,87696,629714,203766
G25007,795850,399628,204318,2664,81757,309,54864,52310,619679,176171,533846,101187,15815,16232,57718,25267,125962,72416,19094,18778,72958,73684,473791,63501,675119,207045
G25008,764581,580237,77696,1329,62430,419,24367,18103,720896,43685,552132,111629,12463,25129,58970,42056,152349,75602,19560,11232,30615,34190,605045,88174,631399,187679
G25009,738604,650834,22314,1863,10463,332,33306,19492,698916,39688,534713,132848,16864,29776,66440,48826,113456,54933,11539,7770,31168,36606,558178,70248,615202,227115
G26001,699432,645371,10674,17163,4738,331,1962,19193,685882,13550,506211,145580,22415,39308,80435,51165,82026,33787,8022,4957,40542,52985,441864,49063,585385,262575
G26002,735626,620885,47918,4338,17035,193,20828,24429,665172,70454,481767,127858,23802,38092,72226,47629,84526,31431,5243,3914,38902,51919,485150,55642,580415,207137
G26003,737911,619362,62016,2814,15009,171,14431,24108,683212,54699,490308,119072,19854,37025,72704,44685,100815,39081,8461,5254,40433,54410,493571,58815,580498,200900
G26004,701141,658418,12875,5205,7129,168,2494,14852,678700,22441,478005,146634,21177,41189,73982,48122,64525,27750,5670,5392,47081,56509,436679,50279,574937,250590
G26005,679543,525852,117252,2708,6370,152,5445,21764,645991,33552,469109,135668,20926,38756,83165,49969,59011,25063,5345,2296,57057,75040,403242,45375,546963,235101
G26006,716503,605296,59278,3370,11511,191,10637,26220,672722,43781,475339,119069,20695,39444,71478,46370,82049,38699,6919,5648,48070,55786,465268,53400,572632,209193
G26007,705518,643177,29597,2897,7046,129,5490,17182,674270,31248,488939,136027,23264,44715,77493,48933,75368,33157,6309,3667,32582,45109,487917,59123,570771,229343
G26008,736078,626562,41262,2080,34051,271,7684,24168,698500,37578,480967,92303,12997,36073,73554,44942,113525,58945,11567,10781,37466,43269,542839,70437,595725,207653
G26009,718682,563840,98079,2618,31698,335,4195,17917,701645,17037,513960,126651,14873,35953,82435,47335,95278,43107,11663,4487,36617,56943,499693,57774,590971,211205
G26010,717176,663950,20499,1468,12267,139,3770,15083,693710,23466,502980,141761,17595,44642,79905,56161,74923,34248,6192,2538,28623,40351,530667,63571,581025,220157
G26011,727670,591292,37646,1978,73955,176,5218,17405,703942,23728,512056,86322,10334,31856,71300,43016,140754,77262,15561,9119,19528,24255,606609,83052,588515,197558
G26012,711209,558573,76577,2067,39961,216,9249,24566,669492,41717,461865,99813,17064,31013,69463,38563,83485,51405,11663,13564,55957,58086,464820,58454,577837,216244
G26013,679044,259303,371965,2788,9581,275,18806,16326,628043,51001,442647,120854,27422,29920,82349,35401,44210,19091,2846,1925,99295,107819,305728,34693,530575,232155
G26014,691955,236707,389786,1741,34052,232,8932,20505,658310,33645,468062,97596,19183,27280,84310,34462,79182,46616,13102,5628,71919,80455,389456,45921,551700,224822
G260ZZ,0,0,0,0,0,0,0,0,0,0,0,0,0,0,0,0,0,0,0,0,0,0,0,,0,0
G27001,672649,606708,21568,2206,18626,399,10886,12256,629764,42885,447454,118998,14851,30722,64084,55171,82856,28728,9010,6723,30497,42019,474480,61735,534255,166212
G27002,698522,590404,33527,3125,32791,339,17189,21147,656109,42413,463342,92723,12422,29705,68564,55217,125396,40801,8775,5456,17426,26758,569807,83585,543453,143972
G27003,710378,571431,54549,2091,52227,396,9085,20599,678509,31869,495771,75152,9621,29192,66314,49166,157685,63000,15040,8536,17412,21388,599327,88852,561078,159947
G27004,706259,500600,72082,4449,87398,264,13014,28452,658885,47374,470997,82138,14174,28658,60012,41937,123588,52903,15381,12323,36819,48573,498065,68928,557290,171881
G27005,707352,474361,121231,7787,43584,141,29918,30330,641898,65454,482640,74484,14032,26248,63212,39704,139055,56105,16160,9505,50207,57926,462822,61851,573349,153032
G27006,702583,637461,22710,3030,16618,49,6602,16113,683042,19541,456781,109999,14583,35221,71645,62255,97469,30085,6211,4360,21053,26875,561484,79860,543903,145693
G27007,664941,607908,9516,19143,5994,371,9030,12979,633419,31522,448626,132479,14485,31394,70327,62586,71750,19101,4900,3442,29270,42750,456063,57094,525295,177885
G27008,664674,617171,7003,17151,5121,228,2109,15891,652968,11706,466151,128600,21317,39396,77403,58388,73564,24680,6236,3958,34333,44136,452551,55943,540385,207381
G28001,760715,521357,209434,1175,5198,220,10837,12494,735566,25149,501551,125268,31212,31942,80013,46398,66190,26098,5994,4707,52208,74904,450513,46694,598910,244200
G28002,711716,223845,469706,2400,3382,87,6866,5430,695686,16030,459820,113284,28339,23286,78097,39699,54281,24814,4934,3580,87990,99331,322242,35601,553731,254501
G28003,749199,456651,266191,7265,8162,151,4078,6701,731951,17248,496543,116503,27395,26473,78314,47172,77293,35028,10143,6504,66056,75767,427737,46349,592928,251757
G28004,767132,549340,180503,2849,11571,249,7052,15568,735066,32066,509400,119450,35113,35217,87552,51065,68510,30115,6665,4321,69018,74521,444408,46127,604722,250493
G29001,732537,314813,364694,1631,22238,299,8026,20836,706446,26091,495581,106048,20526,30290,85870,38837,88932,48452,11681,8878,63263,75179,427531,45385,588861,201336
G29002,763266,679899,28175,1200,35376,219,4154,14243,743042,20224,542230,91084,11986,31890,75059,41061,154451,78777,19391,12217,17205,22487,641573,82172,618344,210223
G29003,782693,725338,26322,2492,7953,392,4194,16002,763001,19692,531344,145830,26695,42017,77899,49804,90619,38349,5384,3609,35848,39996,569269,63382,620227,215210
G29004,765070,680970,35707,4356,12408,766,7172,23691,735453,29617,497644,143916,25351,37386,72279,39560,76487,34420,7516,6719,48498,67634,458903,50178,612708,237578
G29005,764511,521075,168389,3141,14165,2615,30404,24722,695830,68681,520395,138652,21926,37259,84606,37876,92436,38736,9608,4578,53068,66081,480757,50328,606670,207669
G29006,768533,695087,32681,3172,9791,817,6194,20791,737998,30535,515624,149819,24532,38726,74869,38527,94144,36996,7503,5362,36454,48658,527734,59931,607054,220010
G29007,773182,710180,14959,7565,9690,1427,8148,21213,734410,38772,514493,140568,25603,41947,84416,39386,81609,30780,6746,5007,50937,71905,453664,46211,617070,241370
G29008,740270,680980,33969,3395,5099,127,2870,13830,724777,15493,507527,160747,33147,38795,69737,38700,50865,22672,4590,3569,57742,82975,400511,41701,593131,268173
G30000,1041732,925642,4630,67289,7947,757,6032,29435,1002713,39019,714267,175345,33551,48081,121715,64097,148624,52011,13166,9069,60777,78286,675183,52559,838808,305954
G31001,641533,568890,19315,7834,17126,522,9746,18100,582956,58577,408845,93128,14977,31075,60561,48472,84730,31293,6405,6319,31414,40409,443073,59534,502343,148529
G31002,659795,537848,63830,3592,22364,350,11944,19867,585568,74227,428669,77129,12731,28214,67145,34598,111284,41619,11346,6486,31561,41164,470911,65816,505097,142490
G31003,603432,559725,7715,5856,4615,520,14368,10633,532955,70477,404949,113104,15480,33770,65151,46973,62277,19811,4198,3448,27709,41533,395659,53115,475721,156532
G32001,689384,359384,80375,7868,57532,5365,147977,30883,372651,316733,464680,132011,19055,30582,77352,28234,49973,14966,4721,2070,66157,77458,350717,40489,549402,198126
G32002,708357,575751,13359,16343,27826,3301,44820,26957,549606,158751,491374,104685,23080,40543,90454,44269,82399,33375,8787,6359,39135,44717,485727,61259,569378,205199
G32003,785285,526337,56746,3759,108126,5772,39365,45180,647730,137555,557058,123033,16979,41822,105758,49206,117284,42303,13369,7348,33609,34073,598275,70660,632056,216993
G32004,739823,473631,110643,7875,41209,4914,64072,37479,521265,218558,488338,123369,21017,36983,91517,41990,67854,26099,5799,2642,44748,53534,479093,58618,571990,222226
G33001,677001,630134,10983,739,17394,195,3132,14424,653696,23305,477693,109301,18638,30320,60304,48380,111635,50339,9125,6396,24233,28747,525455,75028,561305,173663
G33002,666621,619880,9533,1351,18730,164,3497,13466,641570,25051,474422,114039,21027,27780,59287,48007,101642,50887,9907,7494,21779,27593,514152,73039,553512,184915
G34001,726200,492776,124810,1244,37554,281,48253,21282,628150,98050,498733,139031,17429,32454,65088,37791,100433,38996,10765,5832,38019,43425,533364,70270,581830,196471
G34002,719651,544043,89061,2449,27840,220,32360,23678,603388,116263,504184,150623,19772,32124,64453,39506,86848,32619,7958,4143,38366,50553,492243,63862,583994,222404
G34003,735635,589440,80223,575,26867,484,15530,22516,675997,59638,523679,144728,17075,37538,66529,44507,115539,46316,10465,4984,25233,24711,593976,79880,602625,218346
G34004,739922,629171,48007,754,31456,284,16734,13516,662692,77230,500328,120824,11245,29009,62548,37232,124716,56685,13426,6858,26880,40393,572355,83372,580733,213824
G34005,737642,585546,37404,1512,77679,178,20246,15077,635980,101662,512780,113012,9299,25248,55659,33956,151236,66092,17163,8015,16734,21140,625922,102923,596938,198575
G34006,736045,465765,77682,1499,137850,240,34148,18861,574483,161562,496730,121729,13825,24424,54181,31673,117020,60066,10288,8215,32795,37465,547410,82747,594396,210414
G34007,739893,588665,35518,927,74950,75,25147,14611,649750,90143,512024,96939,8624,23069,49529,32482,152697,83972,20841,14713,15686,19054,643423,113685,593737,190156
G34008,760952,433067,76952,2691,67563,612,152596,27471,346080,414872,528634,136468,12379,18610,55235,24424,109123,47089,11169,5987,52771,75812,465397,59973,611022,184370
G34009,751755,445379,76430,2056,98488,338,106047,23017,469693,282062,516100,148680,11548,20717,59422,27495,113638,42504,11379,5674,48825,64568,510238,67471,601741,217029
G34010,749828,214735,390485,2239,53985,214,69882,18288,595990,153838,500598,143285,13846,21861,74498,30864,94407,38171,8473,4898,61448,72302,455246,52967,594187,204987
G34011,735773,603954,28338,665,74302,192,12645,15677,653485,82288,520277,102900,7698,22762,47648,30548,164590,84578,21313,11056,14713,16032,641044,111802,599682,194839
G34012,748549,439206,131854,2038,123869,239,34388,16955,618137,130412,515475,111805,10804,21854,55276,30591,127663,74186,15102,16155,30778,36429,571615,86660,601290,206648
G35001,695519,519356,18789,31144,16645,458,80248,28879,348861,346658,478954,93624,20396,28782,83139,38517,85941,48665,11832,11613,53029,70187,424471,50680,561310,217268
G35002,700177,587315,13389,37655,5757,286,39410,16365,315937,384240,448564,104216,25259,28875,74548,36878,56724,27510,4059,4246,63380,90078,362356,42957,545525,244190
G35003,696738,452215,10828,131097,9111,770,70453,22264,411885,284853,466762,105786,19206,28337,83694,39269,70464,39827,7698,9617,64823,68892,404622,50407,548934,233745
G36001,717383,619839,38490,1794,29035,114,13892,14219,612257,105126,499933,126118,14715,29821,61366,49561,96229,61371,12320,8730,26053,24492,581082,93892,586610,215886
G36002,715030,543171,73620,2163,22134,265,53687,19990,547156,167874,490006,135825,14403,29220,57343,45970,88875,50688,8367,3511,21424,25660,586047,98595,576292,187726
G36003,727480,543065,22102,1260,116306,237,30119,14391,648207,79273,516588,93409,8176,20156,49750,36167,143725,83470,33675,11335,18846,21256,613339,113428,591444,224485
G36004,722626,472245,108093,2513,47761,204,65305,26505,572595,150031,496920,107677,10947,21532,56135,39428,115048,69311,19329,6463,20966,24727,593088,105685,584086,199822
G36005,772342,137876,381477,3697,109225,560,109256,30251,623073,149269,526748,120715,32347,21366,78018,43004,88408,37359,6371,2823,37739,52407,536335,69886,620656,220149
G36006,732433,323611,29061,2793,291750,199,62182,22837,587475,144958,542619,125311,13793,20702,52832,45700,118250,56620,13694,7656,38968,56238,495650,64428,607120,230060
G36007,734208,359508,81519,3645,132437,438,127764,28897,438557,295651,497771,99206,16815,15066,41194,21884,103800,46406,13172,4625,76022,100527,393135,55497,581193,207151
G36008,771343,234620,409136,2260,42252,217,60199,22659,632282,139061,532269,126239,28123,19585,61524,39511,106231,52045,10230,4586,75616,87723,460624,52077,623210,241535
G36009,733271,262809,355666,1452,52871,143,39977,20353,649493,83778,509986,111703,21315,16609,60630,33739,111622,61376,14480,6395,56093,71359,462593,56823,587730,211329
G36010,730760,504909,28060,2611,137456,113,37395,20216,637259,93501,525440,66830,8736,12364,34530,20900,160917,99959,39213,19142,48653,68181,491612,90440,599859,196482
G36011,730634,512646,56505,2013,102601,442,36371,20056,604437,126197,510844,125470,20241,23407,54378,37763,107731,54147,12094,5097,46581,55868,519559,72388,588426,239300
G36012,719072,524170,37242,1745,100416,283,32637,22579,620862,98210,572735,47660,7126,11669,34808,21336,224293,119166,52158,20514,38641,34873,560640,104574,640911,179066
G36013,774528,203699,228559,5183,37157,609,248334,50987,350792,423736,538964,98782,23365,17337,63283,31050,98439,48654,11424,8323,85542,120735,381185,42151,632011,232420
G36014,705681,316916,77616,3868,118014,423,165631,23213,355891,349790,503639,132352,17594,16367,49928,37768,85706,36162,6754,3962,41643,64073,425387,56913,576163,205247
G36015,744647,112084,254037,5025,13066,852,334070,25513,251740,492907,449791,99952,23812,17242,60764,30485,44198,12519,1979,1424,119343,152513,266404,28460,559804,238845
G36016,741586,346997,245666,3380,39627,201,79502,26213,555443,186143,509978,100057,17197,20622,57070,36053,105211,67402,21219,9132,44242,49270,525865,70004,597070,217673
G36017,738481,514203,78598,2636,43361,124,78730,20829,574857,163624,490085,88026,11561,19615,53174,33913,116953,77262,21621,10436,33962,41030,555186,98316,578646,197361
G36018,721629,553903,70510,2437,21490,375,49027,23887,601021,120608,480476,107912,20002,26860,62224,46289,96702,58371,11084,6753,29878,36702,544097,84705,575002,206469
G36019,700993,622712,31565,1577,11778,177,14691,18493,648343,52650,501789,133516,25632,29363,58674,58412,79993,49170,9218,6822,39119,45364,479674,62281,587467,236212
G36020,725925,578417,67950,1276,36555,245,14933,26549,679747,46178,494842,105266,19883,28562,53532,59977,101628,63349,12712,11132,38329,41261,521714,66444,599342,210551
G36021,706791,649719,22438,6160,7161,512,7285,13516,682580,24211,489107,141804,31294,31803,59681,56567,63736,42032,6461,4388,39841,49704,451685,55200,579218,236828
G36022,699564,627106,29048,1728,19215,330,6356,15781,673314,26250,475442,131723,28397,31567,56137,60605,67231,38788,6509,5087,47565,53464,443546,53732,573528,234496
G36023,699965,635549,20556,4105,16820,161,7103,15671,672517,27448,472144,133039,28699,31800,50113,57306,64392,42736,6329,9609,48923,55913,420891,51223,575045,241469
G36024,707425,597766,59999,2917,18811,209,6611,21112,676444,30981,483716,114099,23559,31229,56821,60306,84200,48430,9866,6320,47597,50534,469107,57560,574968,218525
G36025,717362,541124,112807,3366,26395,120,11869,21681,654642,62720,491801,97947,19756,29528,54140,57125,102342,61186,11629,9671,50608,53233,480688,56974,583294,207992
G36026,711502,507694,129654,2911,29337,298,19311,22297,665361,46141,491432,115309,22780,28208,64920,55276,86452,50891,9957,7535,62024,66427,439957,49151,582807,224453
G36027,715792,668591,18125,5129,7310,166,5983,10488,696520,19272,511277,134904,25132,32596,60674,68170,86265,52809,8890,5656,26482,33751,533793,65142,590095,220327
G37001,753591,356801,333747,6634,15512,446,21539,18912,687189,66402,506351,118235,23898,29381,69107,42168,82138,38056,9915,9656,71994,80003,407579,43636,610044,247433
G37002,822252,590588,157925,4476,15165,578,27578,25942,742092,80160,545469,110021,20027,33239,78398,55713,127552,49017,8477,7636,36789,49870,592055,68205,632262,217792
G37003,754824,547311,153551,3275,11442,637,12368,26240,696082,58742,496645,115371,24725,38246,88883,53867,76296,30307,6076,4639,45798,65528,450547,49868,606750,229135
G37004,840168,515070,189597,3473,72325,393,34258,25052,753211,86957,555635,69121,12160,24389,67490,41320,172996,85632,18210,21626,45175,52255,588924,69888,674048,199913
G37005,752439,595471,110492,2843,11304,767,17422,14140,680861,71578,514731,122928,24850,31314,76272,47995,86090,33968,8591,6491,58843,71273,443440,46116,611574,253517
G37006,762671,545708,154587,2825,13282,388,29056,16825,687094,75577,525199,124202,28784,34030,81496,51059,83749,30966,7010,6243,47696,68484,470740,49242,610513,237674
G37007,787034,585710,150804,6479,6704,361,18839,18137,712936,74098,547475,129668,25870,39781,82068,56699,92965,33318,7336,5042,63784,79225,464533,47599,639878,269263
G37008,779035,517813,179941,9165,18402,1206,25089,27419,699719,79316,512270,114644,22516,37372,91914,54293,88712,34742,6427,4657,48397,65123,485678,52011,610752,223240
G37009,779186,510016,148449,61473,21713,281,18117,19137,716559,62627,517552,111043,17490,28136,77435,44118,114884,43901,11052,4881,51297,61568,516612,58791,607300,238471
G37010,753325,610290,90964,2596,12845,237,20960,15433,705210,48115,529678,128421,29266,37427,78199,54570,84177,32082,7134,4491,46183,64336,459254,47761,612484,244485
G37011,752316,678821,24266,11739,8646,708,14584,13552,705660,46656,547099,125737,31584,37381,83001,55631,86797,37107,8232,6052,43960,67490,458665,46044,624407,276836
G37012,847254,404047,315059,3054,48379,566,50924,25225,722060,125194,559285,92954,13519,29188,89081,45506,150091,58061,10771,5637,53076,67769,553267,58604,663443,183108
G37013,771529,536594,170240,3320,26545,371,17172,17287,711001,60528,524385,120615,22604,34741,81822,49719,99399,36423,7626,5872,50558,67475,476328,50489,621444,232527
G38000,752201,655268,20445,39462,10814,378,7528,18306,725672,26529,490233,113235,18029,30831,79736,67212,105552,26902,6962,4980,39838,39432,541011,63473,595742,177138
G39001,737765,522962,160513,722,26092,185,7726,19565,714759,23006,487364,121587,17637,27928,63694,42176,105212,47236,9457,6857,52219,55589,499874,58727,578824,200095
G39002,728702,632066,63345,1258,10775,480,3563,17215,713291,15411,505076,136453,21231,31985,62415,42042,96589,45061,10740,6851,44218,53223,500132,57316,580906,212644
G39003,785158,433894,262599,1662,33517,471,16956,36059,732321,52837,501872,128851,20419,32242,79415,37388,93944,35734,7448,4980,78666,89151,432298,47009,611157,193122
G39004,711251,640999,37134,1790,6606,181,5616,18925,685334,25917,486401,176182,24420,36922,66157,48155,55197,25016,4241,2399,41036,48628,468284,53746,570652,218538
G39005,722734,662586,20536,1366,9836,386,10783,17241,685908,36826,488109,157310,16273,33765,65689,49858,78891,37420,7857,5382,34131,41561,514319,58998,580239,200095
G39006,700099,665597,15832,1224,3139,75,2239,11993,691850,8249,497634,195798,21101,32557,59893,48662,50560,23441,3903,2493,45429,63795,431804,47533,571248,253818
G39007,726547,671081,29520,1065,4815,38,3208,16820,710032,16515,494179,176089,20075,36292,62684,40107,64986,27989,3998,3232,38023,51045,494859,55108,577242,213555
G39008,728116,643350,43772,1584,14326,436,5450,19198,702838,25278,481122,153199,21185,34147,64501,41586,74361,33687,4895,4424,41019,47724,497943,58060,576719,208693
G39009,709760,526002,115071,2790,11009,197,20527,34164,628716,81044,483082,133390,24722,36381,75058,43053,68319,27804,7389,3557,62244,78936,402515,43718,569994,210779
G39010,721945,553170,121667,1470,16423,231,5657,23327,701619,20326,491453,118188,18755,38835,77140,47137,83924,46594,8279,6930,51254,61874,459463,52467,582299,221927
G39011,693817,272696,370336,1905,17743,134,8988,22015,664006,29811,469433,117714,19059,31246,76222,35663,69928,36104,13212,7332,87438,89592,355978,36851,559043,223793
G39012,770907,672086,35627,1245,33326,139,4338,24146,751705,19202,523387,121295,14951,32896,63756,39593,136009,57903,12788,8892,30643,39591,584844,73376,609693,204010
G39013,710422,588311,81664,1700,13251,104,4035,21357,687183,23239,492078,169888,20249,32637,68852,39072,72910,28908,5824,4460,55125,66142,422183,45087,584576,227080
G39014,717865,651374,32753,1061,15120,141,3587,13829,697219,20646,507981,137783,13164,34778,63769,41388,109035,49625,11571,7043,27703,31814,550417,67937,582953,210159
G39015,754510,681505,31768,1242,17917,174,3593,18311,738215,16295,517415,148708,18480,34334,63398,41445,101233,44362,10519,7771,41496,45105,521967,63542,609539,228768
G39016,722281,672153,16134,1479,15846,219,3526,12924,705556,16725,510499,140927,14395,36662,67997,44305,109712,46228,10965,5959,20071,31501,564387,66805,587706,204407
G40001,797151,569214,69168,45677,23044,653,26594,62801,707811,89340,525789,120539,21401,39319,85923,45369,107702,35231,9839,5183,50002,63552,520396,54859,617288,211064
G40002,748286,497317,25537,128467,4745,1128,11814,79278,709303,38983,505393,157719,31393,36532,76812,41319,58016,21364,3640,2760,56359,84740,403459,42319,593026,278277
G40003,776845,616288,29590,45915,11172,928,26463,46489,699716,77129,504863,146688,27289,36956,80712,38255,77423,26826,4490,5135,52217,63158,475557,51611,608591,242647
G40004,783867,595574,52666,40082,18660,935,14544,61406,715896,67971,509301,136986,26244,41174,87383,37520,82835,33544,6210,5703,47446,53078,506500,56380,619540,230237
G40005,811988,559379,110998,34535,25771,827,27342,53136,677890,134098,528655,115280,22868,37752,84270,36440,102853,40942,12106,6268,57994,79264,490532,51669,624951,222865
G41001,832139,666048,14489,5737,65055,3155,36250,41405,710197,121942,575609,88903,20985,41013,89969,49036,146862,63398,13859,13496,35909,47700,616079,73956,665263,221223
G41002,805737,726829,5197,15653,8659,1858,19193,28348,695418,110319,567499,126310,28858,50833,106440,51468,88626,36378,9399,5744,48725,73779,494178,51574,650252,276782
G41003,830995,653189,42383,7698,58988,5140,20194,43403,737868,93127,597480,91340,22064,41424,98096,48128,149795,64302,18109,9863,55491,65166,559258,64361,683245,214803
G41004,794776,703179,6401,9271,19723,1410,16585,38207,732448,62328,552536,115424,27574,51594,107387,52578,88876,39272,9197,9719,65295,72763,477075,49031,663067,290219
G41005,818296,696688,9319,8602,22085,4443,34862,42297,682056,136240,557569,108645,26262,47665,98056,48642,108985,44140,11448,6349,44520,55899,555753,62502,651547,249312
G42001,709207,614591,29268,1164,41173,157,8676,14178,672332,36875,503704,132521,11317,25896,56738,39990,122942,60974,12339,9207,19894,22287,588279,85251,580163,186629
G42002,734861,365920,202216,3324,56635,419,81987,24360,549415,185446,482319,158083,22644,26224,52199,30247,65752,23641,5112,3203,75837,104461,381581,42666,569679,223266
G42003,722979,233164,414713,2269,42467,334,9469,20563,689511,33468,499452,122092,17018,21299,63522,25537,100950,55837,20797,12755,88395,82977,388903,45084,601946,238299
G42004,724647,580889,68295,915,46804,247,9380,18117,689325,35322,509697,114729,11612,25177,51156,36055,137030,73210,18401,12702,20479,23823,591709,87310,585209,185956
G42005,714120,467361,172478,1259,47681,214,7921,17206,683271,30849,485622,136305,13257,25219,53373,34443,100473,52629,15255,10639,41542,43926,503555,66393,574079,205639
G42006,725593,594181,46536,3075,29869,135,21016,30781,616382,109211,486491,109347,12321,22181,48883,32764,129376,61861,12570,10648,32679,39378,547963,81257,573937,185564
G42007,722048,589403,49021,2175,22512,261,33725,24951,590469,131579,496283,148784,18630,28586,57860,45780,89292,40490,7928,6405,32998,45182,509419,64239,585928,209789
G42008,695547,608573,41690,1308,12291,303,16570,14812,620171,75376,494692,165792,20897,32270,59054,44797,77462,34221,6306,4621,43179,51843,459097,53515,575370,232606
G42009,705114,649918,18741,1150,7802,214,16759,10530,660909,44205,499172,192015,24928,29493,49132,44074,65803,28729,5722,3595,34461,38065,480072,57267,580326,227950
G42010,727144,583059,81879,1286,25885,173,12978,21884,668864,58280,504285,154426,20432,28589,52477,44399,98998,41669,10870,5534,36094,40506,514737,62720,586816,204286
G42011,728820,655829,27689,1172,13542,253,16286,14049,667327,61493,496359,160760,23986,27399,48843,38249,82427,34491,6893,4385,28095,37608,532898,65019,577782,194422
G42012,701191,657555,16081,1167,12173,170,4209,9836,684639,16552,473455,178314,24412,24933,45301,40871,64559,29508,5423,8071,43550,49893,440630,53067,579641,242824
G42013,698730,655201,19499,638,4487,108,5535,13262,676692,22038,497736,199139,25414,29519,47637,42496,60815,27797,5310,3996,34499,48971,465497,53076,574497,233452
G42014,691459,649074,20935,561,5695,441,1611,13142,682349,9110,502200,181485,19852,28705,50651,50949,85979,35580,6222,4654,32398,44415,487124,57045,575316,234569
G42015,685714,655399,13908,874,4769,117,1932,8715,675487,10227,490370,202379,25226,26805,44500,46656,62049,26401,4366,4949,36679,48813,437930,49714,571694,245871
G42016,692426,631046,32288,976,7687,137,4086,16206,675171,17255,480688,169118,22413,27504,47806,42496,83088,35680,6101,4721,38768,53718,448872,52340,565871,227518
G42017,711725,630059,41986,568,19645,176,3295,15996,700663,11062,521829,132726,15165,28758,54977,53174,127560,58349,14836,9588,24711,31058,556788,66495,584659,201247
G42018,699856,520220,126096,966,26775,248,3259,22292,683048,16808,497009,126580,19536,28850,55267,48613,107150,53476,13450,11495,51414,56353,453256,51380,589593,215773
G44001,532760,410105,47410,2999,18201,660,34574,18811,438766,93994,367057,84303,17595,20373,43986,27688,71668,34541,8423,7240,32105,45190,349369,58290,437466,156672
G44002,523851,444397,21844,2485,17462,203,23562,13898,458987,64864,366131,88484,16625,21841,46887,33448,73927,35289,7228,5648,24030,31730,378635,68294,435903,150700
G45001,766664,573591,143183,2064,14345,549,13737,19195,717625,49039,537624,106655,17295,31481,80859,51551,133593,55556,14662,8369,35735,42575,561522,67068,618989,220728
G45002,707819,494235,168723,2014,13428,701,10998,17720,667630,40189,477002,107902,19391,27489,72827,43839,99000,43327,9179,7214,41319,48462,474720,58931,563789,199541
G45003,684952,526020,125522,1687,6206,237,10897,14383,650901,34051,466302,118435,29289,29498,62782,48529,63169,27410,4807,5409,51155,62509,403311,46444,553120,236470
G45004,718032,531158,135781,2027,18036,406,14213,16411,659202,58830,485074,103429,22335,31312,67382,46605,95762,41247,8414,5800,42240,51761,462229,53725,570280,210364
G45005,706085,480271,188847,2800,8422,185,8985,16575,674918,31167,480780,130108,23157,30470,69305,47135,74939,30452,4758,3099,47485,61374,444249,50428,560994,223231
G45006,662894,254289,374651,1924,7651,589,9612,14178,630517,32377,433712,129834,18851,21511,66190,39155,53932,24408,4182,3021,71951,81171,309938,36835,538636,229477
G45007,709479,473422,202653,4170,6996,337,10155,11746,679447,30032,504508,150974,20804,30402,76996,47632,68570,28413,5049,4082,56367,76528,403972,44253,579375,253389
G46000,864289,730062,16241,75331,12660,293,6613,23089,832294,31995,567083,147729,25533,36032,84293,65075,112426,34166,8813,6072,52226,60918,576738,56499,673638,211888
G47001,713768,669441,16506,1909,5302,403,6632,13575,687306,26462,509200,150226,39590,33291,69909,36259,62963,26288,6349,5167,50929,74556,402916,42052,588184,263115
G47002,738722,658126,45580,2100,11930,404,6483,14099,708839,29883,506174,125536,26397,32680,71514,39533,94176,39522,11155,9453,48213,58917,478269,52741,602753,234594
G47003,726454,617394,77965,1906,9511,287,5226,14165,697316,29138,513791,138219,34477,33840,73805,41002,75618,32061,7447,4944,46474,65027,449277,48198,592053,251031
G47004,769786,651679,68946,2085,13018,233,11543,22282,720840,48946,511191,142367,35045,34330,72307,39376,79157,28159,6314,4431,46633,64444,488977,53160,610199,224926
G47005,765122,511667,189786,1923,24453,452,17605,19236,692807,72315,525661,107040,21698,26815,74971,33990,125129,49193,14381,9866,49793,69700,483276,56053,616660,186230
G47006,759176,692867,33555,2287,7032,517,8198,14720,726518,32658,523361,154634,37521,38245,70285,37829,76511,28655,5790,4248,43150,55073,495799,52980,607026,241994
G47007,764797,644558,77854,2435,15049,986,5059,18856,726028,38769,506719,130185,29917,31045,70646,36937,95752,39360,8281,5691,41809,57585,506838,56857,595932,237742
G47008,708031,530759,140429,1918,14830,286,6129,13680,685133,22898,482772,126319,27717,30974,69040,31872,86357,38245,10152,6572,41530,53946,473376,57726,563503,229256
G47009,705233,189740,466868,1285,11790,238,23791,11521,653900,51333,451837,123675,17285,26164,82748,27130,66636,30378,6989,4661,82561,96168,349070,39903,545547,195571
G48001,718215,554071,126380,3383,9078,489,12109,12705,593400,124815,467913,111855,25649,33337,85215,37483,65958,22615,5173,3435,53209,68622,411925,49465,561060,236635
G48002,785386,528895,93017,2946,60012,881,78936,20699,536903,248483,525008,86511,15940,28793,80481,37486,137955,55861,14007,9257,36177,49338,573745,78481,613662,186046
G48003,842866,579850,80405,4046,130808,624,20055,27078,718663,124203,553031,65401,9392,27975,78536,40538,188697,83685,15492,9946,26938,28584,697075,94366,647983,188964
G48004,738929,599689,76865,5366,8638,406,28500,19465,636044,102885,495791,130874,30354,38841,83720,38151,73213,26751,4374,3673,41616,60800,471657,54404,577536,234715
G48005,744338,562253,114747,3929,15367,389,30046,17607,533522,210816,483540,115788,29801,35045,76894,33147,65217,25700,4992,2836,41668,71805,431811,51869,570215,222122
G48006,773108,506252,161530,4719,38301,1379,33921,27006,596425,176683,495092,101285,20201,37937,87150,43114,98655,37497,5879,5075,33668,49677,551784,68263,596170,188956
G48007,785024,523618,106670,2119,85053,179,45899,21486,540111,244913,519931,72126,9649,22098,71747,31543,152761,67557,22995,12744,41797,52278,565477,75170,603566,180442
G48008,832589,689018,70085,3950,24536,476,22508,22016,646025,186564,544313,109724,31673,37163,86663,38527,112949,41466,8112,6494,37490,52676,577392,70669,645015,252026
G48009,781992,286485,293876,1813,92427,542,93019,13830,475029,306963,493570,113675,15903,19793,84642,29832,78047,31019,6535,6289,65831,86361,426820,48091,598192,189605
G48010,839780,609779,91590,4154,49049,300,60982,23926,601710,238070,555643,104905,17005,34296,79141,38035,145143,55667,11081,9465,31976,47972,617881,75663,646042,204185
G48011,764038,662771,30134,4172,8618,283,41135,16925,471195,292843,493723,119136,31543,35942,81884,33866,73586,22578,5201,3223,39250,56292,501808,56714,590353,225149
G48012,793259,627820,69732,4695,28262,1195,36723,24832,609914,183345,521098,112600,23584,38809,83022,40432,108879,39299,8115,5867,37653,47676,562853,67078,617145,206665
G48013,710847,604490,39125,5387,14784,579,23526,22956,519211,191636,462945,108473,32034,36155,79180,36643,65968,21389,4471,3005,39375,61259,429882,52057,552535,209394
G48014,747166,534478,147428,3283,22921,364,20902,17790,560716,186450,496893,115888,28956,34051,86173,41487,80394,26751,6575,5646,46663,57348,483861,60706,585676,234300
G48015,776971,655138,15052,2133,8124,575,83701,12248,142901,634070,450599,93740,20256,25294,62500,24948,62876,20639,3652,2424,94219,112506,364279,44590,560669,228611
G48016,737368,594912,28409,3933,9869,1154,79055,20036,143831,593537,451281,80171,24672,26953,81096,35795,74185,27680,5818,3208,54646,90975,391592,46212,558313,210626
G48017,764593,576541,98722,3682,38404,408,25623,21213,566619,197974,470535,97774,21988,29895,72934,38526,90794,34850,6782,11206,66704,64612,453939,53336,607750,225258
G48018,776383,373783,284492,2536,30604,961,68884,15123,445632,330751,487650,112424,21247,23793,78113,28542,70963,27564,7075,4476,70809,96257,394214,46379,592598,206291
G48019,725504,598151,45610,6447,11022,357,44059,19858,458154,267350,446664,103251,29109,32105,73518,28590,65744,24329,4913,4817,54410,63466,412055,49812,563849,216942
G48020,798543,657125,42782,7031,24367,1328,42169,23741,245185,553358,496946,106710,23996,32712,80124,39944,80099,31012,5683,4375,59040,83797,466437,52104,614783,212190
G48021,795908,682249,30414,3744,28707,472,24868,25454,559734,236174,551056,86798,15896,32362,87028,38553,159936,63934,17391,11319,46676,39817,582866,69797,653771,223916
G48022,880197,534058,121702,3396,162471,150,33026,25394,655184,225013,562708,84452,15116,28407,84030,42559,157120,71775,14172,13600,32323,36438,709464,95463,663217,216951
G48023,760106,632889,26463,5672,11909,316,67858,14999,232718,527388,470338,97941,26394,30759,66601,32415,66122,26557,6982,3097,48128,81334,440294,54015,571870,230355
G48024,789219,509541,93245,3769,108652,2156,45507,26349,596091,193128,541434,81369,12786,27951,82473,37526,160061,68878,12888,6778,24955,41150,594637,73454,624326,163169
G48025,768407,635522,58032,4004,23822,2152,17379,27496,625133,143274,508531,92692,22169,34576,81293,36395,121711,49501,13100,8527,35518,43057,535918,70199,603019,222496
G48026,848154,662700,68317,4219,55394,473,26640,30411,693869,154285,542533,82927,16958,37367,85079,42855,160467,60507,9465,7168,30306,31458,677854,89458,645593,178539
G48027,737102,631666,37554,2751,11919,431,37130,15651,348328,388774,481871,122111,24894,34328,80561,37624,62865,23301,4854,4077,45219,68695,451967,54353,573148,220500
G48028,750331,660113,32730,1393,8252,262,33192,14389,167866,582465,438961,102862,19534,26664,57285,29783,55354,20691,3060,2306,79900,103367,379244,47834,543334,219438
G48029,745389,562701,81741,4077,13215,401,73216,10038,166601,578788,435487,106600,20801,19765,53637,21232,31127,9772,1788,1321,66080,109397,354345,43626,538737,189280
G48030,776026,376085,333007,2236,14866,357,33259,16216,472039,303987,479582,114402,18759,26060,83145,27870,64615,24654,5221,2950,70855,98265,404041,46787,579765,209824
G48031,829808,625171,96375,3557,42159,2260,24153,36133,627625,202183,532937,96793,23272,40371,92747,48881,124417,49513,8761,5926,34664,42758,612865,71039,633412,203340
G48032,764700,525410,100693,2701,66632,262,43399,25603,561441,203259,514147,75548,12248,26301,73715,32373,141421,56795,20158,7302,34738,51834,542475,72815,604015,174812
G48033,736783,483934,116213,3234,16500,415,102102,14385,244839,491944,426619,105595,19429,19254,47317,17993,30462,9585,1588,979,66611,111049,315368,41063,531272,183013
G48034,722603,665915,9279,1838,4536,143,32998,7894,113044,609559,428591,98606,22315,19811,58713,26954,47662,14878,3082,2036,89615,111837,320539,38824,531996,241954
G48035,806895,598961,75214,5533,13688,348,89856,23295,308739,498156,504673,119935,26362,34652,76877,32774,72277,25004,4079,3289,70890,93105,427503,48318,619704,207604
G48036,736668,608655,68153,4213,15291,205,23899,16252,549198,187470,483725,129975,28079,37002,82676,38634,62136,21765,3806,3158,43024,55435,486709,60468,573829,231476
G49001,751772,675526,8452,7593,10523,2670,24469,22539,655631,96141,434562,97964,14173,37949,81127,40241,88310,31245,5478,4984,31752,42156,540333,68431,542396,174095
G49002,752756,622538,9233,8410,19396,8836,62019,22324,635169,117587,465730,96504,14035,36244,79324,44489,93860,37593,10507,8419,41352,50881,499799,61310,568581,197024
G49003,749828,681774,4921,10649,14139,5538,12186,20621,670745,79083,408675,60361,8590,29310,77231,40693,111075,41274,9383,7799,36202,43190,530670,71756,546418,175548
G49004,790994,652218,13256,6005,25752,10052,59316,24395,661682,129312,473098,100883,14814,37640,86130,48343,97992,34033,6710,3998,28533,35838,583661,72648,566858,162648
G50000,624977,589546,8058,2106,10579,184,2426,12078,613300,11677,439695,112989,15183,23545,53652,37513,97034,47484,11287,8301,29658,37376,434221,60076,521723,178555
G51001,785774,571990,129096,2830,25209,550,23579,32520,710523,75251,527408,116655,17714,35421,76408,42409,116862,60628,8015,7010,25085,27537,626935,86340,619591,203528
G51002,738568,498567,146724,2316,41058,733,14278,34892,679790,58778,494819,94582,18516,37058,85659,49241,104970,49622,9707,6885,31606,33870,534156,69721,596126,186917
G51003,738833,330952,341156,2558,19693,744,14032,29698,692525,46308,485445,111966,22992,33432,90813,43976,78508,37434,7459,5180,55657,58016,466006,54226,588444,198802
G51004,765419,400897,315022,2535,13614,481,9295,23575,724428,40991,524977,118286,29411,35827,79204,40812,95249,42461,9453,5908,57704,56142,492221,57062,621317,227842
G51005,734216,550656,143207,1410,13438,180,7457,17868,706469,27747,517222,125226,29796,35887,70309,39681,83039,42144,9930,9340,46159,54242,473135,54239,605503,252461
G51006,750774,624339,83186,1595,14159,218,6923,20354,710472,40302,506735,136710,27284,36010,61966,41695,85506,36987,8906,7627,47686,54031,478004,53804,615985,240698
G51007,777354,552098,140075,2221,39780,403,17140,25637,720947,56407,533672,109146,21121,32163,74093,38737,128953,59450,12646,8303,26988,34194,603466,77047,617316,203246
G51008,792945,503985,112918,1829,91203,537,46665,35808,641708,151237,567627,62155,8001,18613,49228,27995,169929,125371,35129,20097,28133,36592,636812,106421,641124,154341
G51009,711468,646502,38840,1346,10100,227,3647,10806,695618,15850,499567,133190,32247,36336,65736,46225,61791,28372,5234,7434,62428,65186,408885,43426,595726,283978
G51010,826914,585512,58269,2058,120691,663,22327,37394,715913,111001,543325,74699,11803,23840,56058,34743,164546,104301,19181,13302,17850,21334,713388,124627,631880,180333
G51011,791509,457162,104792,2274,142558,941,43121,40661,644204,147305,529555,72210,7370,21847,56711,31456,155136,105828,18490,14540,26673,26467,649269,110462,623207,173167
G53001,742135,583213,9457,8764,81987,1586,22520,34608,676489,65646,516666,84409,15572,34848,77904,49049,142024,60958,11238,9614,25525,26053,609790,95296,587529,195601
G53002,730430,563575,22381,8520,64342,4190,23343,44079,650470,79960,502463,97674,20048,42738,88760,54161,105088,39438,8428,5899,38881,40500,530495,68114,596022,207737
G53003,719101,621741,9602,6192,23879,4234,18134,35319,651573,67528,492869,106707,22239,47962,90498,54735,81819,33241,6720,4333,35906,44606,507595,63926,570102,225817
G53004,719814,549137,9158,18935,11040,611,103156,27777,439621,280193,444587,94070,25281,36079,65542,40862,57345,24292,5041,4505,44460,68782,426528,56028,532681,202217
G53005,705266,618398,10528,11987,17155,2866,12688,31644,659130,46136,473107,92315,21987,39179,85923,59396,87145,36950,9345,6755,46919,56090,443503,52942,570993,233790
G53006,698764,569583,24321,13606,29611,3957,12363,45323,645848,52916,501324,102480,21295,41672,95428,52501,92961,40530,10088,6066,38414,44598,491283,62502,576778,242475
G53007,768042,564521,32697,4156,92687,3495,21115,49371,709109,58933,569711,52154,9901,24425,70177,40592,200450,95654,27745,20535,38921,37245,600408,86312,657166,184602
G53008,737080,567895,20514,6930,65681,4200,30253,41607,652207,84873,492553,99890,18463,38726,74471,48939,109836,45948,8083,5724,29630,34998,574471,83593,574216,192424
G53009,738464,370763,84821,5235,172756,10296,45073,49520,647403,91061,518429,84010,14683,27557,72663,44984,136696,59648,14265,10039,37015,46796,539981,78578,598234,189099
G53010,735240,537171,46375,10723,48291,12608,22525,57547,650913,84327,490234,104091,21747,42602,86342,56230,91257,34751,8300,4507,41435,44847,514124,64796,579434,208357
G54001,614325,579158,15485,1156,6282,150,2056,10038,605920,8405,428642,143855,25808,26324,55156,32600,58859,28544,6470,5396,46933,52379,371520,47158,509314,226431
G54002,623350,571511,29142,1326,5180,84,3235,12872,610448,12902,442224,147742,29370,27413,54380,31250,57551,27444,5792,3796,37999,55306,396784,50183,506080,219004
G54003,591379,553676,22101,1186,3072,116,1999,9229,585164,6215,421218,144827,31934,23380,53940,28125,41622,19739,3951,2586,50937,71910,316587,38191,483850,256386
G55001,717432,627723,40385,3169,13020,178,14310,18647,647266,70166,493472,133534,18921,37698,72767,50058,92949,36650,5966,4622,29975,39586,529402,65354,572954,191293
G55002,754999,648749,33959,2730,32951,245,14283,22082,706758,48241,501306,103572,14392,27506,64927,51760,127935,54082,13680,13932,41664,45427,548745,66415,610216,176591
G55003,719855,672488,8088,3951,16196,479,6168,12485,701068,18787,474068,141025,17161,33271,65725,59785,79743,29431,6379,5307,38807,49697,476928,54960,584814,203187
G55004,713066,363383,240961,3777,29751,277,47737,27180,591487,121579,452405,110695,18646,25670,71823,33207,78323,34231,8163,5355,71376,95745,373066,43061,551483,193092
G55005,723040,659144,17178,2300,21152,232,8858,14176,681912,41128,508769,122746,14417,32902,71320,50038,125799,45816,11335,6288,22471,27784,575755,70304,587275,186186
G55006,713439,660592,12658,3057,17676,154,6728,12574,681331,32108,497041,151159,20744,35012,69406,53965,87985,29337,7166,3905,29052,35942,512679,59455,579131,199299
G55007,708307,660964,5347,13776,11710,300,3290,12920,692115,16192,502595,158169,18375,37843,68680,62729,78282,27368,6906,3462,28324,44099,492908,55016,572307,208132
G55008,728256,652923,10168,17662,16900,110,14567,15926,690678,37578,501233,156639,16375,34638,65240,60685,91194,28936,6763,3200,27241,41030,526334,60166,581267,189337
G56000,581836,532008,5540,14053,4756,539,9361,15579,524870,56966,389291,91927,19972,32098,70138,42835,67697,26978,5489,4513,27728,35583,411396,62268,458979,151494
G72098,3386941,2283720,365010,8504,6684,303,547254,175466,37601,3349340,2364398,599597,60073,36342,255778,235051,428310,117015,28907,25096,823263,671897,917145,20166,2793000,1552967
